ST810101,is part of,WF8101
ST810102,is part of,WF8101
ST810103,is part of,WF8101
ST810104,is part of,WF8101
ST810105,is part of,WF8101
ST810106,is part of,WF8101
ST810107,is part of,WF8101
ST810108,is part of,WF8101
ST810109,is part of,WF8101
ST810110,is part of,WF8101
ST810111,is part of,WF8101
ST810201,is part of,WF8102
ST810202,is part of,WF8102
ST810203,is part of,WF8102
ST810204,is part of,WF8102
ST810205,is part of,WF8102
ST810206,is part of,WF8102
ST810207,is part of,WF8102
ST810208,is part of,WF8102
ST810209,is part of,WF8102
ST810210,is part of,WF8102
ST810211,is part of,WF8102
ST810401,is part of,WF8103
ST810402,is part of,WF8103
ST810403,is part of,WF8103
ST810404,is part of,WF8103
ST810305,is part of,WF8103
ST810401,is part of,WF8104
ST810402,is part of,WF8104
ST810403,is part of,WF8104
ST810404,is part of,WF8104
ST810405,is part of,WF8104
ST810406,is part of,WF8104
ST810407,is part of,WF8104
ST810408,is part of,WF8104
ST810409,is part of,WF8104
ST810410,is part of,WF8104
ST810411,is part of,WF8104
ST810412,is part of,WF8104
ST810413,is part of,WF8104
ST810414,is part of,WF8104
ST810415,is part of,WF8104
ST810416,is part of,WF8105
ST810417,is part of,WF8105
ST810418,is part of,WF8105
