SS8101,is part of,ST810402
SS8101,is part of,ST810403
SS8102,is part of,ST810401
SS8103,is part of,ST810405
SS8104,is part of,ST810401
SS8104,is part of,ST810402
SS8104,is part of,ST810403
SS8105,is part of,ST810404
SS8105,is part of,ST810407
SS8105,is part of,ST810408
SS8105,is part of,ST810409
SS8106,is part of,ST810404
SS8106,is part of,ST810406
SS8106,is part of,ST810407
SS8106,is part of,ST810410
SS8107,is part of,ST810413
SS8107,is part of,ST810414
SS8107,is part of,ST810415
SS8108,is part of,ST810305
