DT5101,is output from,SS5101
DT5103,is the input to,SS5102
DT5104,is the input to,SS5103
DT5105,is the input to,SS5102
DT5106,is the input to,SS5104
DT5110,is the input to,SS5103
DT5111,is the input to,SS5104
DT5201,is generated by,SS5201
DT5201,is updated by,SS5202
DT5201,is updated by,SS5203
DT5201,is updated by,SS5204
DT5201,is updated by,SS5205
DT5201,is updated by,SS5206
DT5201,is updated by,SS5207
DT5201,is updated by,SS5208
DT5201,is updated by,SS5209
DT5201,is updated by,SS5210
DT5201,is updated by,SS5211
DT5201,is updated by,SS5212
DT5201,is updated by,SS5213
DT5201,is updated by,SS5214
DT5201,is updated by,SS5215
DT5202,is the output from,SS5204
DT5204,is the output from,SS5206
DT5203,is the output from,SS5205
DT5206,is the output from,SS5210
DT5205,is the output from,SS5209
DT5207,is the output from,SS5211
DT5208,is the output from,SS5213
DT5209,is the output from,SS5214
DT5209,is the input to,SS5215
DT5202,is the input to,SS5213
DT5203,is the input to,SS5213
DT5204,is the input to,SS5214
DT5205,is the input to,SS5212
DT5206,is the input to,SS5212
DT5207,is the input to,SS5212
DT5208,is the input to,SS5214
DT5208,is the input to,SS5215
DT52010,is the input to,SS5204
DT52010,is the input to,SS5206
DT52010,is the input to,SS5205
DT52010,is the input to,SS5213
DT52010,is the input to,SS5214
DT52010,is the input to,SS5215
DT52011,is the output from,SS5212
DT52011,is the input to,SS5213
DT5301,is input to,SS5302
DT5301,is updated by,SS5302
DT5301,is input to,SS5301
DT5301,is input to,SS5303
DT5302,is input to,SS5302
DT5302,is updated by,SS5302
DT5302,is input to,SS5301
DT5302,is input to,SS5303
DT5303,is input to,SS5302
DT5303,is updated by,SS5302
DT5303,is input to,SS5301
DT5303,is input to,SS5303
DT5304,is the output from,SS5301
DT5304,is input to,SS5302
DT5304,is input to,SS5303
DT5305,is the output from,SS5303
DT5401,is input to,SS5401
DT5402,is output from,SS5401
DT5402,is input to,SS5404
DT5403,is output from,SS5402
DT5403,is input to,SS5402
DT5404,is output from,SS5402
DT5404,is input to,SS5404
DT5405,is output from,SS5404
DT5405,is input from,SS5405
