DT7101,is input to,ST710101
DT7101,is input to,ST710102
DT7101,is input to,ST710103
DT7101,is input to,ST710104
DT7101,is input to,ST710105
DT7101,is input to,ST710204
DT7101,is input to,ST710205
DT7102,is input to,ST710101
DT7102,is input to,ST710102
DT7102,is input to,ST710103
DT7102,is input to,ST710104
DT7102,is input to,ST710204
DT7102,is input to,ST710205
DT7103,is input to,ST710101
DT7103,is input to,ST710102
DT7103,is input to,ST710103
DT7103,is input to,ST710104
DT7103,is input to,ST710204
DT7104,is input to,ST710201
DT7105,is input to,ST710501
DT7106,is input to,ST710301
DT7107,is input to,ST710105
DT7108,is input to,ST710204
DT7109,is output from,ST710106
DT7110,is output from,ST710107
DT7201,is input to,ST720204
DT7201,is output from,ST720209
DT7202,is input to,ST720202
DT7203,is input to,ST720202
DT7204,is output from,ST720211
DT7301,is input to,ST730101
DT7301,is input to,ST730108
DT7301,is output from,ST730106
DT7302,is output from,ST730102
DT7303,is output from,ST730107
DT7303,is input to,ST730108
DT7401,is input to,ST740101
DT7402,is output from,ST740103
DT7403,is input to,ST740201
DT7404,is output from,ST740203
DT7405,is input to,ST740301
DT7406,is output from,ST740303
DT7407,is input to,ST740304
DT7408,is output from,ST740305
DT7501,is output from,ST750106
DT7502,is output from,ST750210
DT7502,is input to,ST730103
DT7601,is input to,ST760101
DT7602,is input to,ST760201
DT7603,is input to,ST760202
DT7604,is input to,ST760203
DT7605,is input to,ST760204
DT7606,is input to,ST760205
DT7607,is output from,ST760106