SS7101,is part of,ST710103
SS7102,is part of,ST710301
SS7101,is part of,ST710204
SS7101,is part of,ST710206
SS7101,is part of,ST710402
SS7102,is part of,ST710403
SS7102,is part of,ST710502
SS7102,is part of,ST710503
SS7205,is part of,ST720102
SS7205,is part of,ST720103
SS7205,is part of,ST720104
SS7205,is part of,ST720105
SS7201,is part of,ST720205
SS7202,is part of,ST720202
SS7202,is part of,ST720203
SS7203,is part of,ST720202
SS7204,is part of,ST720212
SS7301,is part of,ST730101
SS7302,is part of,ST730101
SS7303,is part of,ST730101
SS7304,is part of,ST730101
SS7305,is part of,ST730101
SS7306,is part of,ST730101
SS7307,is part of,ST730101
SS7308,is part of,ST730101
SS7309,is part of,ST730101
SS7310,is part of,ST730101
SS7311,is part of,ST730101
SS7312,is part of,ST730101
SS7313,is part of,ST730101
SS7314,is part of,ST730101
SS7316,is part of,ST730101
SS7317,is part of,ST730101
SS7318,is part of,ST730101
SS7319,is part of,ST730101
SS7321,is part of,ST730101
SS7322,is part of,ST730101
SS7323,is part of,ST730101
SS7324,is part of,ST730101
SS7325,is part of,ST730101
SS7326,is part of,ST730101
SS7327,is part of,ST730101
SS7328,is part of,ST730101
SS7329,is part of,ST730101
SS7330,is part of,ST730101
SS7331,is part of,ST730101
SS7332,is part of,ST730101
SS7401,is part of,ST740302
SS7402,is part of,ST740102
SS7403,is part of,ST740202
SS7404,is part of,ST740202
SS7405,is part of,ST740302
SS7406,is part of,ST740302
SS7501,is part of,ST750105
SS7501,is part of,ST750204
SS7502,is part of,ST750203
SS7503,is part of,ST750202
SS7503,is part of,ST750205
SS7504,is part of,ST750202
SS7504,is part of,ST750205
SS7505,is part of,ST750202
SS7505,is part of,ST750205
SS7601,is part of,ST760105
SS7601,is part of,ST760106
SS7602,is part of,ST760102
SS7603,is part of,ST760104