ST710101,is previous to,ST710102
ST710102,is previous to,ST710103
ST710103,is previous to,ST710104
ST710104,is previous to,ST710105
ST710105,is previous to,ST710106
ST710105,is previous to,ST710204
ST710105,is previous to,ST710205
ST710106,is previous to,ST710401
ST710201,is previous to,ST710202
ST710202,is previous to,ST710203
ST710203,is previous to,ST710204
ST710204,is previous to,ST710205
ST710205,is previous to,ST710206
ST710206,is previous to,ST710205
ST710205,is previous to,ST710204
ST710204,is previous to,ST710106
ST710301,is previous to,ST710403
ST710301,is previous to,ST710404
ST710401,is previous to,ST710402
ST710402,is previous to,ST710403
ST710402,is previous to,ST710502
ST710403,is previous to,ST710404
ST710403,is previous to,ST710502
ST710501,is previous to,ST710502
ST710502,is previous to,ST710503
ST710503,is previous to,ST710107
ST720101,is input to,ST720102
ST720102,is previous to,ST720103
ST720103,is previous to,ST720104
ST720104,is previous to,ST720105
ST720105,is input to,ST720202
ST720105,is input to,ST720301
ST720201,is previous to,ST720202
ST720202,is previous to,ST720203
ST720203,is previous to,ST720202
ST720202,is previous to,ST720204
ST720202,is previous to,ST720205
ST720204,is previous to,ST720202
ST720205,is part of ,ST720204
ST720206,is part of ,ST720204
ST720207,is part of ,ST720204
ST720202,is previous to,ST720208
ST720208,is previous to,ST720209
ST720209,is previous to,ST720210
ST720209,is previous to,ST720211
ST720210,is previous to,ST720303
ST720301,is input to,ST720202
ST730101,is input to,ST730102
ST730102,is previous to,ST730109
ST730102,is previous to,ST730105
ST730103,is input to,ST730104
ST730104,is previous to,ST730105
ST730104,is previous to,ST730106
ST730105,is previous to,ST730106
ST730105,is previous to,ST730107
ST730106,is previous to,ST730107
ST730107,is previous to,ST730108
ST730108,is previous to,ST730110
ST730109,is previous to,ST730107
ST730109,is previous to,ST730108
ST740101,is input to,ST740102
ST740102,is previous to,ST740103
ST740201,is input to,ST740202
ST740202,is previous to,ST740203
ST740301,is input to,ST740302
ST740302,is previous to,ST740303
ST740303,is input to,ST740305
ST740304,is input to,ST740305
ST750101,is previous to,ST750102
ST750102,is previous to,ST750103
ST750103,is previous to,ST750104
ST750104,is previous to,ST750105
ST750105,is previous to,ST750106
ST750107,is input to,ST750106
ST750201,is previous to,ST750202
ST750202,is previous to,ST750203
ST750202,is previous to,ST750207
ST750203,is previous to,ST750204
ST750204,is previous to,ST750208
ST750207,is previous to,ST750208
ST750208,is previous to,ST750209
ST750209,is previous to,ST750210
ST750205,is previous to,ST750206
ST750205,is input to,ST750201
ST750205,is input to,ST750202
ST750205,is input to,ST750206
ST750104,is previous to,ST750203
ST760101,is input to,ST760102
ST760102,is previous to,ST760104
ST760102,is previous to,ST760103
ST760103,is previous to,ST760104
ST760104,is previous to,ST760105
ST760105,is previous to,ST760106
ST760201,is input to,ST760102
ST760202,is input to,ST760102
ST760203,is input to,ST760102
ST760204,is input to,ST760102
ST760301,is input to,ST760105