ST510101,is part of,WF5101
ST510102,is part of,WF5101
ST510103,is part of,WF5101
ST510104,is part of,WF5101
ST510105,is part of,WF5101
ST510106,is part of,WF5101
ST510107,is part of,WF5101
ST510108,is part of,WF5101
ST510109,is part of,WF5101
ST510110,is part of,WF5101
ST510111,is part of,WF5101
ST510112,is part of,WF5101
ST520101,is part of,WF5102
ST520102,is part of,WF5102
ST520103,is part of,WF5102
ST520104,is part of,WF5102
ST520105,is part of,WF5102
ST520106,is part of,WF5102
ST520107,is part of,WF5102
ST520108,is part of,WF5102
ST520109,is part of,WF5102
ST520110,is part of,WF5102
ST520111,is part of,WF5102
ST520112,is part of,WF5102
ST520113,is part of,WF5102
ST520114,is part of,WF5102
ST520115,is part of,WF5102
ST520116,is part of,WF5102
ST520117,is part of,WF5102
ST530101,is part of,WF5103
ST530102,is part of,WF5103
ST530103,is part of,WF5103
ST530104,is part of,WF5103
ST540101,is part of,WF5104
ST540102,is part of,WF5104
ST540103,is part of,WF5104
ST540104,is part of,WF5104
ST540105,is part of,WF5104
ST540106,is part of,WF5104
ST540107,is part of,WF5104
ST540108,is part of,WF5104
ST540109,is part of,WF5104
ST540110,is part of,WF5104
ST540111,is part of,WF5104
ST540112,is part of,WF5104
ST540113,is part of,WF5104
ST540114,is part of,WF5104
ST540115,is part of,WF5104
ST610101,is part of,WF6101
ST610102,is part of,WF6101
ST610103,is part of,WF6101
ST610104,is part of,WF6101
ST610105,is part of,WF6101
ST610106,is part of,WF6101
ST610107,is part of,WF6101
ST610108,is part of,WF6101
ST610109,is part of,WF6101
ST610110,is part of,WF6101
ST610111,is part of,WF6101
ST710101,is part of,WF7101
ST710201,is part of,WF7102
ST710204,is part of,WF7102
ST710301,is part of,WF7103
ST710401,is part of,WF7104
ST710502,is part of,WF7105
ST710103,is part of,WF7101
ST710104,is part of,WF7101
ST710105,is part of,WF7101
ST710106,is part of,WF7101
ST710202,is part of,WF7102
ST710203,is part of,WF7102
ST710402,is part of,WF7104
ST710403,is part of,WF7104
ST710404,is part of,WF7104
ST710501,is part of,WF7105
ST720101,is part of,WF7201
ST720102,is part of,WF7201
ST720103,is part of,WF7201
ST720104,is part of,WF7201
ST720105,is part of,WF7201
ST720201,is part of,WF7202
ST720202,is part of,WF7202
ST720203,is part of,WF7202
ST720204,is part of,WF7202
ST720205,is part of,WF7202
ST720206,is part of,WF7202
ST720207,is part of,WF7202
ST720208,is part of,WF7202
ST720209,is part of,WF7202
ST720210,is part of,WF7202
ST720211,is part of,WF7202
ST730101,is part of,WF7301
ST730102,is part of,WF7301
ST730103,is part of,WF7301
ST730104,is part of,WF7301
ST730105,is part of,WF7301
ST730106,is part of,WF7301
ST730107,is part of,WF7301
ST730108,is part of,WF7301
ST730109,is part of,WF7301
ST730201,is part of,WF7302
ST730202,is part of,WF7302
ST730203,is part of,WF7302
ST730204,is part of,WF7302
ST730205,is part of,WF7302
ST730206,is part of,WF7302
ST730207,is part of,WF7302
ST740101,is part of,WF7401
ST740102,is part of,WF7401
ST740201,is part of,WF7402
ST740202,is part of,WF7402
ST740203,is part of,WF7402
ST740101,is part of,WF7403
ST740102,is part of,WF7403
ST750101,is part of,WF7501
ST750102,is part of,WF7501
ST750103,is part of,WF7501
ST750104,is part of,WF7501
ST750105,is part of,WF7501
ST750106,is part of,WF7501
ST750107,is part of,WF7501
ST750201,is part of,WF7502
ST750202,is part of,WF7502
ST750203,is part of,WF7502
ST750204,is part of,WF7502
ST750205,is part of,WF7502
ST750206,is part of,WF7502
ST750207,is part of,WF7502
ST750208,is part of,WF7502
ST750209,is part of,WF7502
ST750210,is part of,WF7502
ST760101,is part of,WF7601
ST760102,is part of,WF7601
ST760103,is part of,WF7601
ST760104,is part of,WF7601
ST760105,is part of,WF7601
ST760106,is part of,WF7601
ST760107,is part of,WF7601
ST760108,is part of,WF7601
ST760109,is part of,WF7601
ST760110,is part of,WF7601
ST760111,is part of,WF7601
ST810101,is part of,WF8101
ST810102,is part of,WF8101
ST810103,is part of,WF8101
ST810104,is part of,WF8101
ST810105,is part of,WF8101
ST810106,is part of,WF8101
ST810107,is part of,WF8101
ST810108,is part of,WF8101
ST810109,is part of,WF8101
ST810110,is part of,WF8101
ST810111,is part of,WF8101
ST810201,is part of,WF8102
ST810202,is part of,WF8102
ST810203,is part of,WF8102
ST810204,is part of,WF8102
ST810205,is part of,WF8102
ST810206,is part of,WF8102
ST810207,is part of,WF8102
ST810208,is part of,WF8102
ST810209,is part of,WF8102
ST810210,is part of,WF8102
ST810211,is part of,WF8102
ST810301,is part of,WF8103
ST810302,is part of,WF8103
ST810303,is part of,WF8103
ST810304,is part of,WF8103
ST810305,is part of,WF8103
ST810401,is part of,WF8104
ST810402,is part of,WF8104
ST810403,is part of,WF8104
ST810404,is part of,WF8104
ST810405,is part of,WF8104
ST810406,is part of,WF8104
ST810407,is part of,WF8104
ST810408,is part of,WF8104
ST810409,is part of,WF8104
ST810410,is part of,WF8104